<?xml version="1.0" encoding="UTF-8"?>
<metadata xml:lang="en"><Esri><CreaDate>20150617</CreaDate><CreaTime>09105900</CreaTime><ArcGISFormat>1.0</ArcGISFormat><ArcGISstyle>FGDC CSDGM Metadata</ArcGISstyle><SyncOnce>TRUE</SyncOnce><DataProperties><lineage/><itemProps><itemLocation><linkage Sync="TRUE">Server=HLT100SQL002; Service=sde:sqlserver:HLT100SQL002; Database=PROD; User=SIPDBO; Version=dbo.DEFAULT</linkage><protocol Sync="TRUE">ArcSDE Connection</protocol></itemLocation></itemProps></DataProperties><ModDate>20151317</ModDate><ModTime>99NnS5700</ModTime></Esri></metadata>
